0x2b0f75d3e98745015dc2ca4800085971aaa296387901570b036e969607a5080e,0x0000000000000000000000000000000000000000000000000000000000000007,0x0000000000000000000000000000000000000000000000000000000000000001
0x2b0f75d3e98745015dc2ca4800085971aaa296387901570b036e969607a5080e,0x000000000000000000000000000000000000000000000000000000000000000f,0x0000000000000000000000000000000000000000000000000000000000000001
0x2b0f75d3e98745015dc2ca4800085971aaa296387901570b036e969607a5080e,0x70faffd242729102bedf2d1ba080a671b71e36f5e04179ea1130b8daf23dfede,0x0000000000000000000000000000000000000000000000000000000000000001
0x2b0f75d3e98745015dc2ca4800085971aaa296387901570b036e969607a5080e,0xa6eef7e35abe7026729641147f7915573c7e97b47efa546f5f6e3230263bcb49,0x00000000000000000000000035d415bf0e6bbf8e10eba814e10325c46a2cf009
0x2b0f75d3e98745015dc2ca4800085971aaa296387901570b036e969607a5080e,0xad4c6f3f1f688ad4f9f5fb2c08886cbe3436d861c1f064d02998ef3df0944923,0x0000000000000000000000000000000000000000000000000000000000000001
0xf45b754c1599395959514b8f8a8a17e0f184724590f1ae29f8cecf270c2865cb,0x70faffd242729102bedf2d1ba080a671b71e36f5e04179ea1130b8daf23dfede,0x0000000000000000000000000000000000000000000000000000000000000000
0xf45b754c1599395959514b8f8a8a17e0f184724590f1ae29f8cecf270c2865cb,0xa6eef7e35abe7026729641147f7915573c7e97b47efa546f5f6e3230263bcb49,0x000000000000000000000000533a99a1292c7ddb74621bf288f50fa34d42c79e
0xf45b754c1599395959514b8f8a8a17e0f184724590f1ae29f8cecf270c2865cb,0xad4c6f3f1f688ad4f9f5fb2c08886cbe3436d861c1f064d02998ef3df0944923,0x0000000000000000000000000000000000000000000000000000000000000000
0xf45b754c1599395959514b8f8a8a17e0f184724590f1ae29f8cecf270c2865cb,0xb9fc6aa75d803d99096de425314914f990dba4e82d0e008db2e365f8405ff931,0x0000000000000000000000000000000000000000000000000000000000000001
0xf45b754c1599395959514b8f8a8a17e0f184724590f1ae29f8cecf270c2865cb,0xe5621227c7a5997b98280836771e36caa2323467a0fb4ac11ba5fa57539cb503,0x0000000000000000000000000000000000000000000000000000000000000001
0xa4aa1198c85846a5c4472ec59bb6535cc42081b3af37f274c7e895d4c4a18605,0x70faffd242729102bedf2d1ba080a671b71e36f5e04179ea1130b8daf23dfede,0x0000000000000000000000000000000000000000000000000000000000000001
0xa4aa1198c85846a5c4472ec59bb6535cc42081b3af37f274c7e895d4c4a18605,0xa6eef7e35abe7026729641147f7915573c7e97b47efa546f5f6e3230263bcb49,0x00000000000000000000000035d415bf0e6bbf8e10eba814e10325c46a2cf009
0xa4aa1198c85846a5c4472ec59bb6535cc42081b3af37f274c7e895d4c4a18605,0xad4c6f3f1f688ad4f9f5fb2c08886cbe3436d861c1f064d02998ef3df0944923,0x0000000000000000000000000000000000000000000000000000000000000001
0xa4aa1198c85846a5c4472ec59bb6535cc42081b3af37f274c7e895d4c4a18605,0xb9fc6aa75d803d99096de425314914f990dba4e82d0e008db2e365f8405ff931,0x0000000000000000000000000000000000000000000000000000000000000000
0xa4aa1198c85846a5c4472ec59bb6535cc42081b3af37f274c7e895d4c4a18605,0xe5621227c7a5997b98280836771e36caa2323467a0fb4ac11ba5fa57539cb503,0x0000000000000000000000000000000000000000000000000000000000000000
0x5e83add5a8e6af135518a88e213a98c527bf2364b731822198201653a1ffea1e,0x529cb3cb6088fa82061c21605f4c68ac00871ea6d01a015acad11fcd4ed7424b,0x0000000000000000000000000000000000000000000000000000000000000001
0x72848a8c060b22040e2f485a3179fdf0baaf7e359ebeb491ad88314d2123c289,0xe20b80eb05f2c8f354515825d95793b4e06241f8a2ff4dccf5e7e7b9fdf74939,0x0000000000000000000000000000000000000000000000000000000000000001
0xab03a2ade20a6124f6f81b70b0dbfae82cafa655dd0eb690f0233beb6ec493f1,0x3e5fec24aa4dc4e5aee2e025e51e1392c72a2500577559fae9665c6d52bd6a31,0x0000000000000000000000000000000000000000000000000000000000000000
0xab03a2ade20a6124f6f81b70b0dbfae82cafa655dd0eb690f0233beb6ec493f1,0xa66cc928b5edb82af9bd49922954155ab7b0942694bea4ce44661d9a8736c689,0x0000000000000000000000000000000000000000000000000000000000000000
0xab03a2ade20a6124f6f81b70b0dbfae82cafa655dd0eb690f0233beb6ec493f1,0xa6eef7e35abe7026729641147f7915573c7e97b47efa546f5f6e3230263bcb49,0x0000000000000000000000000000000000000000000000000000000000000000
0xab03a2ade20a6124f6f81b70b0dbfae82cafa655dd0eb690f0233beb6ec493f1,0xad67d757c34507f157cacfa2e3153e9f260a2244f30428821be7be64587ac55f,0x0000000000000000000000000000000000000000000000000000000000000000
0x4f2aafa540fa028d1ad66260be453837bcba3d41eed88937b59a16ad61f18dc1,0x6938189ee314a074e22b13b9bd67b097f9605bae78b098fa87324e41f11d67db,0x0000000000000000000000000000000000000000000000000000000000000001
0xf1bcf4532b3443d32f675272fedd3bc30e6f9f0931f23c3b3f43be1c42098d11,0x950c126e7a252c60885b57bc9f5603f2d2b2ad8f14ef3dea49d0bb748e6cf3a6,0x0000000000000000000000000000000000000000000000000000000000000001
0xaec23fbbdbd9fcd40b42c5cc9dd519534a86c6caf0f516a605fc792b5c0b2845,0x381d4cfd776a2ddce9372b59916c23129df4ccdf26c0c9b2974ed2d5a107c2bf,0x0000000000000000000000000000000000000000000000000000000000000001
0x11ee74d53a3232cb769907f31c011eb6968ad955246e3ad82387ef23dd74f9dc,0x22b2df763683e9e96e42e2efa1cd028e7ddbc81749881ff3299d122fed00ea6a,0x0000000000000000000000000000000000000000000000000000000000000001
0x599a8721fdcd0e709b603fbb41f55889d85e91d0d3ce3cf6d8b9001ea393afa4,0xa0ae65fe03b6056fe58b38d61b511e94edc7f61019552f5390f01f804e3ad402,0x0000000000000000000000000000000000000000000000000000000000000001
