0xf8c0658244d6ea5a109df30d3bb505f1c534e10e8ec9b92540db54742157174b,0x8d8f085890f1b3e7168dfdc8888f3a0560375fbfbdf1da4d406b7819a0e6217b,0x0000000000000000000000000000000000000000000000000000000000000001
0x4c7bccfdb59c949ceb73c58182b17ec94ea0b554697131116e60a564fd0d5bc0,0x5a298145512dc7b984454049302100135dccac89df3532ce9349a48722ac505e,0x0000000000000000000000000000000000000000000000000000000000000001
0x3ae18148b40d5f611ec22efbae6557f877644873069506f7b92a472b8da26711,0x21ac7df791a2fc687f02541d79c9cddf62345c25e5eca5d7cda9e96b333ca512,0x0000000000000000000000000000000000000000000000000000000000000001
0xcab5014b88f6529b28e3a1a83fcedf70b6168361a6b7f731443daad3a024d981,0x540b3c9b1239aa5515f4a195764f904980e2873003166a9b8fd761280386f7c8,0x0000000000000000000000000000000000000000000000000000000000000001
0x094ae4d138c0c9b39e378b0c9b2fe92766c4bec4e4dd67538cca7be11d2f7a21,0x2af1b41a36a4ab69322e4408a02453c712fac8818d2e88a3aa1f5754dfa507e9,0x0000000000000000000000000000000000000000000000000000000000000001
0x56fa146ebeb7244b5916f2ee5d217fa6a0ddccdb48a8622f453040adde768019,0x6aafd60e89fb4ce7ebe7a7fed9db5d734e806d3e98420b93c565f9d148c617ac,0x0000000000000000000000000000000000000000000000000000000000000001
0xbe9e07d3ed96377104b138eb6d13eeea6fb298f483bd6dc978127034d81dcef5,0x266456653b376c6891d0549a0eccbb6d60d4f3c721fff1af1347e767d95874ac,0x0000000000000000000000000000000000000000000000000000000000000001
0x889b6114899bc8a13821c0098f1800590b95d686543868836cbe9562e285d132,0x0572d41af4a5eea1cfef8f6f16b3821e9317778a8f1bb16afc10144f26b3b291,0x0000000000000000000000000000000000000000000000000000000000000001
0x5b7a333043ccf4d3398fd85a359bd271d7f74a650fa2ad1daca48595ed7407bd,0xad216f3193ca78856397c0ccaabb48aa067c04db8b824cb3da38858fafb005a1,0x0000000000000000000000000000000000000000000000000000000000000001
0xd76c13761ed035eff0b90e59ae4fb7b6f1d543157424bfc738850f91e71dea9a,0x6b5b149c0afa379742331e3c3295f35c527a8caec3a33fc43fab072c574b2461,0x0000000000000000000000000000000000000000000000000000000000000001
0x599d841a373ca43b593b10e7ea23fc9c0fad18972ffc9def06f14e139919fcdc,0x1114e5e7c5ffca41aab7eac57466d3bf0c9b014192ed079c5a2a54d88ef11b70,0x0000000000000000000000000000000000000000000000000000000000000001
